id,name,age,address,phone,email
1,Logan Martin,21,"3881 Joseph Freeway Suite 044
Millerchester, MI 88311",426-431-1865,juliewhite@example.com
2,Alyssa Cooper,40,"998 Dennis Squares Suite 819
Scottport, OK 36172",001-097-852-8077x5701,rebecca70@example.com
3,Tammie Ball,44,"194 Morrison Bridge
Williebury, DE 56097",723.125.0486x0006,qgray@example.net
4,Maria Bowen,23,"55467 Gabriella Plains
Robertstad, MD 31661",(414)690-0778x381,wlittle@example.net
5,Kristin Edwards,70,"2583 Nathan Rapid
Lake Denise, PR 45059",537.313.3613x9240,benjamin38@example.com
6,Carol Curry,40,"930 Cole Inlet Apt. 395
East Joe, ME 16306",914.692.2069x80369,gjones@example.com
7,Ian Mccarthy,19,"69636 Anthony Road Apt. 684
Jessicafurt, GA 82894",001-732-354-4771x6294,xreid@example.com
8,Stacy Garcia,71,"6649 Daniel Underpass
Johnville, HI 72615",245.464.5641,cynthia46@example.com
9,Gabriel Fischer,22,"4834 Sanchez Field
South Caitlin, AZ 66307",148.689.1173,ljohnston@example.org
10,Donald Cook,29,"6458 Butler Shoal
South Janemouth, MT 84508",664.779.0790x07871,piercelucas@example.com
11,Amanda Cruz,60,"42040 Dakota Rapids
North Kayla, MA 56931",610.320.1066,tina61@example.net
12,David Collins,75,"32117 Buckley Shore
Christopherport, MO 61371",(861)726-1636,joshua61@example.org
13,Alyssa Goodman,18,"PSC 3448, Box 3184
APO AP 09261",+1-632-444-7179,gutierrezlucas@example.com
14,Kimberly Hernandez,37,"08953 Johnson View
Stephenston, MS 20665",001-799-248-3608x827,kimhernandez@example.com
15,Scott Perry,80,"102 Brandi Divide
East Julie, NV 02979",604-809-2551x03907,tbryant@example.com
16,Rachel Adams,75,"83022 Price Cliff
South Nicholas, DC 51182",157.617.7609x118,townsendbryan@example.com
17,Patricia Ruiz,80,"310 Linda Shoals Suite 219
Adamfurt, VI 35794",554-890-7896x54214,nicholsnancy@example.net
18,Christina Walker,57,"2966 Thomas Stravenue Suite 000
Port Tarastad, OH 87533",+1-003-709-9405,eric21@example.org
19,Christopher Thompson,38,"565 Shelley Springs
Mcbridechester, IN 46380",(460)873-4333,conniehoward@example.com
20,Katelyn Spencer,56,"19322 Robles Ways Apt. 824
Katieview, VI 37040",622-271-6154,frostlaura@example.org
21,Patricia Ramirez,34,"3634 Jones Radial
West Robertbury, AZ 47973",+1-829-368-3863x283,kperkins@example.com
22,Heather Singh,50,"3195 Saunders Vista
South David, FM 34808",736.338.9844x784,brittany55@example.net
23,Brittany Hall,67,"8113 Case Harbor Apt. 144
Michealhaven, GU 85192",001-897-963-6925x7446,wangsteven@example.net
24,Melissa Simpson,80,"03442 Shane Greens
Farrellview, KY 96371",170.540.3443x71267,jcole@example.org
25,Michael Montgomery,47,"220 Jean Flats Apt. 649
North Roy, GU 15458",(483)520-0421x465,facevedo@example.com
26,Lance Owens,65,"2125 Michael Camp
West Lee, GU 45671",+1-899-285-0672x57630,jdelgado@example.net
27,Crystal Holloway,42,"0602 Lindsey Knolls
Lisaburgh, MT 99840",+1-616-518-8528x446,martinmelissa@example.org
28,Patricia Valdez,42,"850 Sean Path
New Kelly, OH 33797",001-082-819-1577,danielosborne@example.org
29,Michael Landry,64,"40702 Frederick Circles Suite 602
Jennastad, NY 01632",087.057.2346,lauren55@example.org
30,Mercedes Henderson,41,"75334 Kyle Branch
East Roberthaven, AR 73611",610.401.7272x51981,jessica35@example.com
31,Shane West,67,"849 Mcdonald Ville
Gallegosside, UT 75954",+1-580-456-4197x72140,cory12@example.com
32,Brianna Costa,52,"8470 Huffman Lakes Suite 687
Vasquezmouth, NE 48693",001-405-561-4505,amandaboyd@example.com
33,Jonathan Medina,20,"35598 Richard Drive Suite 991
Eatonbury, TX 79411",001-471-549-4621,amyhudson@example.org
34,Donna Lee,29,"0331 Lee Crossroad
Harrisland, IA 78976",+1-211-841-8122x27520,teresa76@example.org
35,Danielle Joseph,26,"07983 Jamie Stravenue Suite 389
Aimeefort, NH 96857",+1-736-436-8264,nicholasbarker@example.net
36,Mr. Jeffrey Molina,54,"103 Joseph Skyway
Sampsonfurt, AR 77773",944-849-7613,kaitlyn40@example.com
37,Elizabeth Silva,37,"94015 Bowen Green Apt. 740
Rhondahaven, MP 99909",(880)794-3994,scottroy@example.com
38,James Smith,32,"4538 Michael Ports
Thomasfurt, MO 81638",7398030354,mistychen@example.net
39,Jennifer May,57,"517 Madeline Union
North Kevinton, WI 77123",612.163.4851x9797,greerdavid@example.com
40,Debra James,38,"782 Anthony Stream Suite 570
Lake Tanner, TX 10227",674.628.9146x8067,clifford08@example.org
41,Madison Brown,52,"65648 Erin Throughway
East Patricia, MO 23591",(141)244-8771,kevinnolan@example.net
42,Jennifer Wong,65,"7434 Jackson Forest Apt. 990
Dannymouth, FL 72725",7616984440,odonnelleugene@example.org
43,Laura Woods,38,"USCGC Hernandez
FPO AP 04293",488.028.9646x50021,wilsonelizabeth@example.net
44,Rebecca Randall,45,"28189 Joshua Mountain Suite 096
North Rachelbury, ND 08387",(163)293-5784,tiffanyvazquez@example.net
45,Suzanne Knapp,52,"07002 Hunter Rapids Suite 312
Trevorville, WY 81660",530.528.1479,xkaiser@example.net
46,Seth Rodriguez,74,"0924 Hailey Oval
Antonioberg, VA 66557",001-334-591-3718x863,phillipsvanessa@example.org
47,Diane Melton,56,"35962 Robert Centers Suite 869
Marissaview, CT 64206",001-465-744-3051,jessicamartin@example.net
48,Katelyn King,43,"587 David Roads Suite 742
Christopherfurt, DE 65683",001-584-500-4878x190,pjacobson@example.org
49,Shawn Taylor,69,"96453 Williams Stream
Anneshire, FM 95986",+1-522-221-8357x92266,kyle89@example.org
50,Tony Gray,34,"0037 Olivia Curve
Jeffreyfort, MH 50238",073.502.3427,larsenluis@example.org
51,Jonathan Murphy,55,"4823 Collins Street Apt. 103
Jerrymouth, VA 13607",878-440-0370x301,jeremiah38@example.org
52,Margaret Williams,36,"6392 Jessica Gardens Apt. 953
Rayhaven, ID 88198",(278)759-1014,mezahenry@example.com
53,Amanda Vance,79,"7036 Amber Estates Suite 017
East Thomas, AZ 56416",448.688.3170x60466,debra72@example.net
54,Mr. Daniel Holmes,36,"8457 Flores Lakes
Shannonview, OR 80885",(553)288-3749,katielopez@example.com
55,Melanie Ramos,37,"07559 David Light Suite 580
New Amanda, NH 12525",(376)579-8102x2232,leslie06@example.net
56,Jessica Rogers,74,"069 Karen Hill Apt. 264
Cookside, KS 54877",121.926.7045,mark11@example.org
57,Wendy Lewis,40,"USNS Doyle
FPO AA 19499",(291)949-9212,denisesantiago@example.com
58,Richard Cunningham,69,"06222 Heather Walks Suite 776
North Jennifer, OK 21624",001-286-663-1174x878,harrisonjoanne@example.org
59,Latoya Miller,76,"17369 Jacqueline Port
Ryanside, FM 04385",001-499-190-7115x7083,stewartsherry@example.net
60,Carrie Tanner,23,"29613 Joseph Inlet Suite 126
South Bailey, DE 47867",001-661-103-5962x9283,russojay@example.org
61,Laura Robertson,78,"0097 Connor Knoll
Port Stevenview, CA 67126",(204)677-7222,hollowaytrevor@example.net
62,Sandra Hatfield,65,"21597 Williamson Trail
Port Samuelton, MP 01162",+1-677-094-5520,andrewmarsh@example.net
63,Patricia Shea,54,"3718 Brown Trail
Powellfurt, PR 89143",233-906-4006x853,leeerin@example.org
64,Evelyn Hodges,49,"0076 Deborah Viaduct
East Heather, RI 57925",761.411.4960,lisamuel@example.com
65,Rachael Lopez,71,"74430 Michael Trail Suite 372
West Eric, WY 00653",+1-434-649-2964x81924,rachelreynolds@example.net
66,John Mayer,26,"71198 Moreno Village Suite 384
Christopherborough, WA 80068",001-180-636-8056x35542,whunter@example.com
67,Michelle Cook,55,"999 Brandon Locks
Alexanderland, IN 60558",494.190.3431,yblackburn@example.org
68,Paul Oliver,36,"74720 Jillian Crossroad
Ortizland, MN 68969",001-308-738-1315x9639,rhawkins@example.net
69,Dr. Ethan Williams,52,"PSC 4841, Box 5097
APO AP 34000",001-635-592-6069x2195,zgonzalez@example.org
70,Brandi Gray,80,"273 Rachael Forges Apt. 073
Makaylaview, HI 88097",001-350-076-1225x88382,timothy16@example.com
71,James Stewart,48,"323 Kim Isle Suite 926
North Joemouth, TN 92290",650.903.0614x1814,russell72@example.net
72,Elizabeth Fuller,69,"92479 Acosta Trail
Hayeshaven, NH 73492",001-055-259-5756x51229,smithkaren@example.org
73,Morgan Johnson,58,"998 Melissa Creek
East Matthewland, AK 12250",+1-046-796-2368x92276,devin66@example.com
74,Sydney Gonzalez,30,"2101 Aaron Cape Apt. 272
Johnfurt, MO 24181",050.917.7352x1985,kimberlyhenry@example.com
75,Emily Barton,33,"057 Ross Path Suite 161
Port Tyler, UT 67414",001-616-811-2019x92922,brooksmarcia@example.org
76,Crystal Warner,68,"835 Harris Union
New Amandaborough, WV 85724",632.181.9439,phays@example.com
77,Hailey Spencer,26,"326 Doyle Views Apt. 594
Nolanbury, DE 03891",(431)618-9591,pagedaniel@example.com
78,Kristen Hudson,50,"2810 Park Plains
Sawyerhaven, AR 88166",+1-146-195-4236,williamhenry@example.net
79,Leonard Washington,70,"1675 Jessica Turnpike
Jamesview, TN 99944",547-551-3838,pjohnson@example.net
80,Eric Hamilton,43,"25500 Hall Motorway Suite 554
North Nicoleport, AS 45107",001-631-862-0756,tammy24@example.com
81,Eric Sandoval,25,"84208 Bryant Trafficway
Port Alexisville, KY 19146",(549)744-1364,kathleenevans@example.net
82,Lindsay Hicks,74,"PSC 9343, Box 4748
APO AP 16421",001-441-348-1629,porterscott@example.com
83,Clifford Powell,45,"68945 Edwards Crossroad Apt. 076
New Lacey, GU 29031",3991281865,mariamcdonald@example.net
84,Heather Craig,43,"4429 Huber Junction
South Ariel, WV 38864",857.479.6114x63672,samuelbecker@example.com
85,Lori Paul,71,"5994 Thomas Forge
Lauraborough, VI 82017",+1-142-453-9934x85544,sean44@example.com
86,Micheal Lane,38,"4446 Darlene Mountain
Sandersmouth, CA 49073",5665517200,carlsontiffany@example.net
87,Erica James,49,"7862 Weaver Highway
Nicoleland, KY 83033",001-743-899-7164x92837,smithnicholas@example.com
88,Daniel Bailey,76,"7114 Debbie Oval
South Brendan, OR 21495",001-555-816-0374x1576,fowlerjoshua@example.org
89,Kathleen Jones,32,"7836 Randall Row Suite 589
Alanshire, HI 08898",001-677-427-3859x0468,daniel88@example.net
90,Jorge Herring,44,"0697 Patricia Spurs
Kimberlyhaven, MD 09029",(076)519-4981x9695,vcurtis@example.org
91,Christopher Calhoun,59,"90399 Shelby Brooks Apt. 065
Freemanchester, OR 09106",079-254-7038,hrogers@example.org
92,Ann Smith,68,"57952 Teresa Park Suite 432
Garciaborough, WY 00766",+1-316-823-4237x618,teresa21@example.net
93,Theresa Dickerson,66,"4347 Hernandez Squares Apt. 930
Romanchester, SD 83027",001-323-192-2488x80108,ochavez@example.org
94,Chad Harrison,34,"3619 Barbara Loop Suite 107
East Karen, CO 63078",277-332-1366,william39@example.net
95,Donna Mitchell,40,"70914 Christina Underpass
Jamesside, MT 92974",+1-544-517-3978x956,bowmanaustin@example.org
96,Brian Hanson,77,"919 Singleton Shores Suite 473
Contrerasview, NY 36814",544-602-5276x9070,ascott@example.net
97,Debbie Thomas,60,"24052 Shelby Trail
Danieltown, MH 09986",001-915-522-0231x00378,carterryan@example.net
98,Yolanda Alvarez,77,"614 Victor Groves Apt. 110
Albertville, SD 51159",192-326-9949,kenneth94@example.com
99,Teresa Love,59,"576 Jennifer Mountain Apt. 596
Millsberg, UT 30188",001-339-069-7894,ashleyaguilar@example.org
100,Kevin Joseph,32,"0160 Alan Heights
Steeleville, KS 07347",001-462-935-4775x40348,jeremy43@example.com
101,Kelly Ferguson,60,"USCGC Hernandez
FPO AE 41244",320-086-8245,munozpaul@example.net
102,James Walker,66,"967 Robertson Plains Apt. 823
Marquezchester, VI 89173",701.502.0139,rbrooks@example.net
103,Justin Webster,50,"6076 Victor Dam Apt. 265
Adamland, MS 68788",903.986.8450,mendozamargaret@example.com
104,Tyler Grant,40,"5099 Lopez Forges Apt. 430
Nicoleville, OH 60226",001-196-566-4097x12369,ualexander@example.org
105,Darryl Jenkins,45,"3537 Thomas Greens Suite 100
Baileyport, GA 70801",+1-050-509-7557,vgarcia@example.org
106,Alicia Montoya,75,"USCGC Evans
FPO AE 53994",552-635-3325x21447,davidrivera@example.net
107,Jennifer Sanders,51,"627 Miles Locks
Colemanhaven, AL 28381",+1-275-653-2738x6846,hdavis@example.com
108,Elizabeth Hines,70,"907 Jimenez Lock
North Codychester, NC 53052",001-307-846-1479x6696,ljohnson@example.net
109,Marcus Hall,36,"8001 Dalton Mountains
Castanedafurt, NE 21910",(461)223-5338,kylebailey@example.net
110,Kevin Pugh,45,"4436 Steven Way Suite 364
Christopherfort, AZ 67390",456-366-7811x20534,bradley80@example.net
111,Rose Carlson,62,"PSC 1027, Box 1742
APO AA 79277",355-482-3462x62843,ashley18@example.net
112,Jason House,20,"506 Dougherty Valleys
Tranborough, PR 95361",1793378263,eric84@example.com
113,Jimmy Cardenas,24,"026 Wells Isle
Wendyshire, IL 38851",3702700762,andre93@example.org
114,Michael Holland,71,"695 Davidson Islands Apt. 125
Traviston, NH 59440",007.681.2904x823,dillonpreston@example.net
115,Kristina Jones,38,"143 Harris Well
West Anthony, DE 01103",(402)028-6651x62678,cindyshelton@example.org
116,Michael Crosby,48,"59914 Jessica Fork Suite 238
Barbaraville, ND 14804",3107721244,kimberlysilva@example.com
117,James Chavez,51,"924 Chad Mews Suite 931
Port Haileyfort, DE 57770",384.417.5173x64008,chadmartin@example.com
118,Jose Frey,71,"40734 Sheri Lights Suite 100
Port Michael, RI 82679",791-076-8015x592,jamie98@example.org
119,Samuel Carlson,50,"6830 Heather Pike Apt. 609
West Carlos, VT 93816",+1-365-551-8446x05244,tonyasimmons@example.org
120,Michael Johnston,50,"268 Katie Grove
Alyssaview, WA 10337",+1-733-777-6088x9367,jonespatricia@example.com
121,Tyler Weeks,65,"3907 Snow Heights Suite 956
Lake Gloria, MO 49896",283.454.5291x763,kellylisa@example.org
122,Alyssa Smith,43,"8607 Cabrera Inlet Apt. 898
Morrisonland, VI 58432",808-109-5820x1579,lowerytina@example.org
123,Mark Barker,41,"215 Sara View Apt. 614
Port Sarahfort, PW 08309",035-699-5857,sholland@example.org
124,Lori Gutierrez,77,"642 Acevedo Throughway Apt. 578
Stacyshire, WI 93291",(191)420-0393,ngordon@example.org
125,Amanda Gates,39,"50850 Mccormick Shore
New Carmen, SC 89090",(394)312-1036x815,peter49@example.net
126,Paul Gonzalez,32,"8369 Myers Cliffs
Port Misty, RI 90676",034-452-5082,martinmegan@example.com
127,David Pearson,63,"Unit 8740 Box 6094
DPO AP 37864",284.018.6043x16710,sarakaiser@example.net
128,Steven Keller,67,"PSC 4286, Box 9473
APO AA 84708",001-419-898-6090,jglass@example.org
129,Kyle Lopez,59,"3631 Flores Port Suite 236
West Amy, KY 65010",6597015600,fharrison@example.net
130,James Watkins,48,"7682 David Ridge Apt. 581
Virginiabury, DC 87674",144.975.5291,joshuaking@example.net
131,Brittany Santiago,75,"5300 Allison Lane
Lisaville, SC 44443",031.739.8645x336,jerry90@example.net
132,Andrea Miller,76,"4368 Edwards Throughway
Hooperchester, IL 45169",+1-065-498-1363x18106,nancy29@example.org
133,Joshua Chapman,51,"80044 Patrick Manor
Browntown, KY 76219",343.772.1670,ashleywilliams@example.net
134,Leonard Conrad,23,"9881 Jones Forks
Patrickberg, GA 70321",001-988-029-0394x4887,lrosales@example.org
135,Daniel Odom,75,"3770 Matthew Glen Suite 722
North James, AZ 26837",7434655199,jessicamayer@example.com
136,Latasha Fuller,40,"69994 Hicks Plain Suite 078
South Chloehaven, CO 40171",8677719334,mcphersonstephen@example.com
137,Joseph Bush,47,"898 Christy Cove Suite 435
Maxwellberg, NM 89225",937-300-3959,marieadams@example.net
138,John Graham,52,"2877 Chambers Crescent
Jeffreyville, NY 79620",+1-153-865-7571x0848,kristen94@example.com
139,Kendra Pearson,72,"384 Perez Village Suite 477
East Randall, WI 23176",538-824-7049,dylancoleman@example.net
140,Chloe Hess,27,"845 William Pine Apt. 239
Angelaland, NE 93538",001-115-578-9719x12389,jenniferwright@example.net
141,Thomas Peters,31,"131 Johnson Passage
Johnstonfurt, IA 77881",999-345-8299x0168,joshua91@example.org
142,Joshua Fitzgerald,20,"3151 Phelps Flats
Keyville, PW 30177",+1-116-680-4013x77264,camerondrake@example.org
143,Leslie King,71,"8798 Rivera Extensions
Rosalesshire, WI 04284",784.905.5444x42088,comptondanielle@example.com
144,Joe Young,24,"509 Moreno Rest
East Nicholasville, RI 04902",001-071-642-0093x258,shaun06@example.org
145,Julia Randall,34,"300 Henderson Fork Suite 364
New Jerome, IN 45644",+1-865-453-3267x7616,icampbell@example.net
146,Jimmy Aguilar,74,"601 Wu Estate Apt. 713
Paulafurt, WY 71326",780.780.2785x6714,lpalmer@example.com
147,Amanda Moreno,59,"3794 Brandon Haven
Matthewstad, AK 56899",+1-275-934-8292,dking@example.net
148,Mark Gutierrez,45,"1159 Vasquez Glen Suite 614
Port Bradley, RI 91133",362.851.6443x0523,cassandra54@example.org
149,Patricia Cohen,61,"18817 James Lake
New Christopher, WY 61472",+1-742-185-8410x31383,qcook@example.org
150,Rhonda Blanchard,19,"Unit 9546 Box 4045
DPO AA 67312",3294034103,leejessica@example.org
151,Stephanie Haynes,58,"565 Kevin Cove Suite 812
East Karen, NM 28842",001-653-269-1153,danielbrooks@example.net
152,Tammy Green,54,"0087 Yvonne Field Apt. 742
Port Dwayne, DC 41509",794-330-3002x78949,kwebster@example.org
153,Michelle Barrett,30,"28389 Kaitlyn Ridges Apt. 580
Jacksonton, PW 75830",(666)739-9033x718,sonya36@example.com
154,Eric Sanchez,33,"31054 Olson Run Suite 078
East Walter, CA 83052",(909)664-7527x697,icole@example.org
155,Patricia Mcclure,56,"8572 Adams Streets
West Johnmouth, IN 97076",(376)921-0220x726,beardrobert@example.org
156,Ronald Ruiz,78,"32039 Mahoney Spurs Apt. 809
North Steven, UT 36451",001-065-747-1583x95280,simonjeffrey@example.org
157,Emily English,53,"7257 Stewart Turnpike
Stewartview, MT 72166",001-372-588-1905,rzimmerman@example.com
158,Ashley Smith,58,"USCGC Rivera
FPO AA 39390",240-189-2377x1563,perezpatrick@example.net
159,Ana Moody,72,"42954 Darrell Lake
East Roberthaven, DE 63803",178.638.1398,leonardrita@example.com
160,Kimberly Cruz,74,"682 Moore View Apt. 676
Liufort, LA 99901",001-314-184-1055x0139,wallsdaniel@example.org
161,Mark Harris,38,"375 Jacobs Radial
Bakerview, AL 82530",508-867-3464x4646,harrisjerry@example.org
162,Lisa Patterson,53,"149 Diaz Neck
Port Bryan, DE 88615",(381)943-7846x0447,twilliams@example.net
163,Martha Robinson,44,"98253 Clark Pike
Brianside, ME 55973",001-902-519-9598x1899,william92@example.net
164,Alicia Davis,34,"1433 Thomas Creek
West Jeffrey, IA 89667",+1-321-337-9104,johnpalmer@example.com
165,Jessica Williams,78,"40855 Teresa Rapid
Lindaport, MH 09349",495-944-7733x541,christopher00@example.com
166,Philip Sawyer,53,"552 Green Points Suite 261
Port Jackport, NJ 33481",625.639.9141,alexander92@example.com
167,Andrea Taylor,43,"6411 Eric Plains
Turnerburgh, AK 08746",7437152713,patriciaphillips@example.org
168,Shaun Ross,77,"0399 David Oval
Johnsonbury, PR 07811",(305)410-8521,christina32@example.com
169,Jonathan Mcdaniel,30,"458 Collins Islands Suite 400
Kathrynborough, MA 70776",5975258362,spencerkim@example.org
170,Bianca Stone,45,"2625 Deanna Village Apt. 975
North Laurafurt, FL 12628",+1-946-403-9527x62131,simmonsbrandi@example.com
171,Jasmine White,31,"3291 Keith Loaf
Dixonmouth, PR 92286",125-701-2112x32818,lynnshane@example.net
172,Dawn Williams,26,"2903 Benjamin Glens
Fordfurt, GU 53336",104.182.1351,pnelson@example.net
173,Corey Anderson,76,"498 John Flat Suite 401
Raymondmouth, IN 72907",8435641923,jimmylewis@example.net
174,Catherine Reynolds,79,"5516 Ronald Station
Baileyview, CA 09474",634.339.8727x97175,kimberly92@example.com
175,Pamela Simmons,64,"0605 Roy Ports
Jamieville, AR 20388",083.954.6947x7028,smithlauren@example.net
176,Derek Martin,25,"342 Gutierrez Cape Suite 986
West Ashleyburgh, NH 81123",001-278-453-8548x40277,robertojohnson@example.org
177,Allison Gibson,23,"0939 Andrew Land
Simmonsborough, AL 16837",001-102-645-2990x43336,gina27@example.net
178,Ellen Jones,34,"5898 Rachel Roads
North Loriton, CO 66145",+1-204-961-9542x3398,masonpatton@example.net
179,Chad Jenkins,24,"349 Eric Ford Apt. 352
West Michele, NJ 71222",+1-228-585-5042x23121,eyork@example.com
180,Andrew Spencer,18,"2062 Ernest Stravenue Suite 399
Macdonaldton, FM 30867",555-179-2387x84432,golson@example.org
181,Elizabeth Johnson,74,"56077 Maria Well Suite 475
Port Leslie, FM 78716",001-806-921-5957x51661,ctaylor@example.com
182,Emma Smith,56,"788 Rebecca Meadows Apt. 516
Katelynfort, NC 47565",+1-314-757-7429x8914,michellenoble@example.org
183,Anna Wolf,36,"144 Ashley River
Port Lee, TX 32862",905-526-0539,ifleming@example.net
184,Nicholas Holloway,21,"25017 Levi Hollow
Allenview, ND 23875",(483)887-7084x857,taylormariah@example.net
185,Regina Ponce,20,"65267 Holmes Squares Suite 692
North John, MN 90548",(977)277-9522x9460,luis07@example.com
186,Natasha Herrera,55,"9384 Joshua Stravenue Suite 640
North Jenniferburgh, UT 38227",(729)935-4232x9237,cmathis@example.org
187,Alexander Mack,52,"74425 Gonzalez Squares Suite 038
Kevinbury, RI 29418",723-755-1244,butlerdavid@example.org
188,Felicia Bradley,40,"38416 Lopez Forks
East Daniellefurt, CO 49005",+1-774-256-5621x965,marywillis@example.org
189,Robert Webb,33,"075 Johnny Forest Apt. 429
Thomasville, AL 88332",+1-022-767-2407x63763,kimberly83@example.net
190,Adrian Moreno,75,"143 Knapp Extension
Lake Johnstad, CA 04016",(632)337-0115x851,kevin19@example.com
191,Krystal Taylor,77,"87902 John Row Suite 006
Lake Gerald, RI 99045",8851491832,omar38@example.com
192,Louis Harrison,18,"8039 Corey Port Apt. 548
Jenniferhaven, CA 21594",001-888-335-7916x09877,gregorylarsen@example.org
193,Jessica Pierce,27,"33439 Le Skyway
Lake Laurenport, NE 15250",(521)097-8008x171,maureenhanson@example.net
194,Steven Hernandez,47,"8721 Chad Road
Robinsonchester, TX 27979",064-367-5278x74924,wallacejesse@example.net
195,Matthew Howard,21,"PSC 5293, Box 6286
APO AA 67692",753.351.8883x6607,olsonmaureen@example.net
196,Derek Villa,30,"8102 Smith Shores Apt. 654
Port Katherineborough, TN 88171",064.958.9277x903,samantha45@example.net
197,Zachary Stewart,61,"88832 Ortega Stravenue Apt. 030
Port Kathryn, OH 84103",(402)663-7863,andersonjerome@example.net
198,Jonathan Williams,35,"819 Joseph Center Apt. 552
Johnsonmouth, KS 56720",001-581-495-7848x564,kimberlywoodward@example.org
199,Kristopher Williams,25,"0349 Cross Crossroad Apt. 254
Jordanborough, MD 49002",001-390-827-1829,weberdylan@example.com
200,Stephanie Edwards,68,"USS Hunt
FPO AA 94579",001-098-067-8352,davisstephen@example.net
201,Destiny Hamilton,59,"164 Dylan Ports
Marquezfort, CT 14669",+1-651-889-5927x2327,dustinwilliams@example.org
202,Gregory Brady,27,"3589 Daniel Camp Suite 484
Lake Melindamouth, ND 44268",886-988-2332,laura59@example.com
203,Michele Collins,50,"602 Robert Estate
Ariasstad, OR 24983",(499)362-6625,cathy79@example.net
204,Mr. Joseph Vance,78,"Unit 8896 Box 3549
DPO AE 33762",(311)261-3777x58017,murillojudith@example.net
205,Victoria Choi,25,"2310 Emily Turnpike
Lake Stevenfurt, FM 47860",001-051-889-2367x450,douglasgonzales@example.com
206,Deborah Kemp,34,"0068 Larson Well Suite 274
West Bob, RI 60807",001-543-360-6318x024,danieljoseph@example.net
207,Ryan Galloway,45,"31680 Nelson Ramp Apt. 294
South Lorimouth, GU 96372",+1-148-376-6302x1783,joshuareyes@example.net
208,Sherry Hansen,78,"25607 Breanna Village
East Michael, MT 40222",(338)127-8439,vwhite@example.com
209,David Bowen,80,"028 Gregory Mission Apt. 473
North Jacqueline, AS 93515",110-060-8685,matthew37@example.com
210,Mr. Robert Holloway,70,"87699 Wilson Groves
Lake Kevinport, HI 62911",(871)162-5233,wescobar@example.net
211,Eric Mercer,22,"4815 Lori Lodge Suite 359
Katherineshire, NV 85353",175-098-0834x81588,wrightmelissa@example.com
212,Steven Carter,25,"49554 Amanda Rest
North Kellyborough, MO 48023",+1-264-608-4430x2907,adam18@example.org
213,Brandon Young,35,"20200 Howell Well Apt. 030
Avilaberg, DC 61066",+1-981-257-6856x4903,juansims@example.com
214,Misty Noble,45,"PSC 6918, Box 2176
APO AP 54912",(808)757-9747x141,nathan12@example.org
215,Shannon Gardner,42,"763 Brennan Crest Apt. 450
Tonyabury, MT 70496",(961)800-2904,deniseobrien@example.com
216,Michael Thornton,49,"36167 Taylor Forges
Johnstonville, HI 37682",284-666-1107x669,gina27@example.com
217,Leslie Hamilton,48,"540 Howell Viaduct
South Darlene, GU 58549",(636)661-5668,jenniferhurley@example.com
218,Mrs. Amy Huang,30,"0547 Miller Viaduct Apt. 651
East Davidbury, AR 68491",001-440-692-5236x96943,lloydvirginia@example.com
219,Bobby Morales,24,"1626 Shelia Roads
East Stacyfurt, IA 48983",113-075-6245x906,greenian@example.org
220,Cynthia Zamora,75,"796 Stephanie Crossing
Christopherberg, AL 56155",203.893.3286,jason79@example.net
221,Gary Moore,69,"50467 Mendoza Shoal Apt. 158
Ochoashire, MS 18024",+1-196-980-2740,fisheralexis@example.net
222,Rachel Baker,20,"06872 Mendoza Lock
South Colleenton, CA 32685",896-668-7547x010,qjones@example.org
223,James Smith,74,"98781 Sara Brooks
Seanbury, AS 16072",559.984.4431,vcrane@example.net
224,Jonathan Hodges,60,"7563 Stone Port
Jessicaview, SD 94313",(543)277-9950,lanenicole@example.com
225,Timothy Hodges,65,"USS Reyes
FPO AE 30199",+1-859-142-8727x1998,dgiles@example.net
226,Thomas Dickerson,20,"576 Jeremy Throughway Suite 991
Port Scott, FL 51066",001-805-186-0170x2592,wwhitaker@example.org
227,Melissa Coleman,59,"234 Richard Wall
West Valerieview, OK 01554",781.883.3031x623,rogersmary@example.com
228,Logan Rios Jr.,28,"65272 Jamie Harbors Apt. 058
Bradleystad, ME 06455",220-597-2760x555,sextondaniel@example.org
229,Marie Henry,24,"4438 Allison Cliff Suite 508
South Vincentside, NM 57393",+1-802-502-1423x506,ronaldgordon@example.net
230,Michael Simmons,32,"4779 English Ville
Richardside, TN 44205",875.663.3050x040,victoria65@example.org
231,Stephanie Blake,34,"USNS Newton
FPO AP 61011",312.379.9576,livingstontracy@example.net
232,George Reed PhD,40,"29647 Roberto Port
North Brandyshire, MP 82442",063.736.1281x85099,steven19@example.com
233,Christina Bennett,46,"722 Dean Lodge
New Teresaberg, OH 55620",3464375502,icooper@example.org
234,Shelly Rodriguez,30,"011 Michael Vista
East Michael, NJ 72845",(613)425-7531x832,iallen@example.org
235,Danielle Williamson,71,"4329 Robin Spring Apt. 586
Shirleyton, MS 39497",001-892-769-3221x0300,johnsonkayla@example.com
236,Cassandra Thomas,53,"2503 Smith Mountains Suite 750
Clarkmouth, AS 85471",(344)318-0325x1969,zcain@example.org
237,David Davis,75,"9740 Bruce Burgs Suite 248
Fitzgeraldchester, HI 51025",752-081-0452,stephanieheath@example.org
238,Thomas Burke,32,"0733 Maria Isle
Lake Erinmouth, KS 70957",584-022-8081,nataliezimmerman@example.com
239,Bradley Vargas,78,"2443 Nelson Creek
North Christine, CA 24550",0746058329,sandrapace@example.com
240,Michael Camacho,22,"1736 Torres Divide Suite 473
Reedville, AL 37044",066.700.4942,carl44@example.org
241,Amanda Weiss,36,"502 Davis Island
New Nancyfort, MS 47325",(806)955-9038,abbottjoseph@example.com
242,Sarah Donovan,56,"555 Duane Brook Suite 354
West Lisafurt, MO 41966",(166)257-0803,wwood@example.org
243,Angelica Garcia,25,"771 Elizabeth Roads
New Justin, NV 99571",412-159-5733x802,melissafoley@example.org
244,Deanna Dorsey,31,"9116 Oconnell Lodge Suite 049
North Gregoryfurt, OH 76732",568.527.3883,henryamanda@example.net
245,Ana Bender,27,"43629 Fisher Trace Suite 151
Christianshire, NC 45273",996.013.8888,nicholas80@example.com
246,William Lee,43,"127 Hall Bypass
New Travis, OH 10801",(533)173-2886,meyerjeff@example.org
247,Melissa Farmer,42,"80605 Bowen Turnpike Suite 114
Hallville, PA 44815",001-722-806-4437,zrobinson@example.org
248,Johnny Russell,64,"Unit 7278 Box 2651
DPO AA 96262",0160354844,trevorjohnston@example.com
249,Melinda Larson,41,"1819 Kendra Mission
Jeremystad, DC 01540",(389)541-4492x22392,castrostacey@example.net
250,Leslie Bailey,18,"093 Eric Keys Apt. 792
Perryland, WV 68998",093.474.5793,mary81@example.org
251,Kristine Martinez,52,"38295 John Creek Suite 252
Aimeestad, FM 26760",001-027-256-2783,garciachristopher@example.com
252,Jennifer Calhoun,69,"0905 Carter Gateway
Port Frank, SC 70551",+1-878-639-1717x48959,leslie94@example.com
253,Brandon Sharp,74,"4481 Samuel Valleys
South Michele, MO 89448",+1-459-425-7008x3972,shanemontoya@example.net
254,Joshua Parker,19,"115 Ryan Ville
Michaelview, NV 05028",(790)835-1442x97911,xstrickland@example.net
255,Ricky Williams,52,"035 Miller Village
Lake Thomas, UT 99764",(970)964-2386,vanessa00@example.org
256,Anthony Taylor,71,"0645 Robles Junction
Beverlyfort, WI 86319",805-969-0630,jill27@example.net
257,Diamond Martin,19,"13586 Duke Tunnel Suite 341
Millerview, NV 84255",+1-961-299-9443x9964,randallrichard@example.com
258,Brendan Moore,67,"45157 Jeffery Highway Apt. 762
Michelemouth, MO 39354",1778852479,danielsdebra@example.com
259,Nicole Keller,27,"14060 Barnett Fields
West Jacqueline, MO 71871",838.595.8980x8964,jasonrivas@example.net
260,Nicole Spencer,70,"5022 Mary Court Suite 283
Jeffreyshire, PW 64028",622.914.9224x4161,pgarcia@example.net
261,Lori Jensen,73,"1037 Cynthia Rue
Port Victoria, NH 89885",404.860.6725,adammills@example.net
262,Aaron Hart,19,"63244 Kevin Canyon Suite 389
South Karen, NY 85412",161.971.9114x16030,john78@example.org
263,David Moore,32,"943 Jarvis Garden
Lake Brenda, CA 12877",868.495.3417,leonardrosales@example.com
264,Vanessa Whitney,54,"28925 Joshua Groves Apt. 199
West Denise, PW 69081",(684)530-6109,michael20@example.com
265,Cassandra Oconnor,65,"821 Lopez Islands Suite 439
East Michaelport, WY 51553",432.269.4026,lauren97@example.com
266,Tracey Hutchinson,65,"574 Jason Passage Suite 020
New Manuelbury, WI 47490",903-628-5592x26951,danielrichards@example.com
267,Larry Smith,52,"PSC 0160, Box 2187
APO AP 87557",583-713-5879,peter85@example.com
268,Craig Jensen,66,"426 Ellis Dale Apt. 931
New Brianmouth, WV 23966",+1-385-072-6210x71682,brendan46@example.net
269,Marc Aguilar,66,"411 George Meadows
East Jerry, NH 92642",897-272-8009x544,gary17@example.org
270,Adam Martin,41,"314 Beth Courts
New Andrewstad, FM 59900",(421)583-1109x85358,sheena32@example.net
271,Allison Morris,29,"7058 Travis Place
New Christine, NY 16437",6519585281,william96@example.net
272,Gary Roy,45,"9182 Acosta Lodge
Bullockfort, NE 51207",001-927-527-1579x127,iochoa@example.com
273,Teresa Clayton,55,"3626 Courtney Way
Eileenberg, NY 50069",(329)450-5366,marygomez@example.net
274,Jennifer Oneal,38,"19312 Sandoval Prairie Apt. 888
Stephaniefort, NM 52140",413-769-5535x78840,jason04@example.org
275,Amanda Patrick,67,"713 Crawford Ville
Lake Kristenmouth, LA 98000",001-174-041-3659,robinsonfelicia@example.com
276,Michael Martin,57,"99194 Huff Neck Apt. 342
West Alexandra, VI 27398",0644998831,ginamendoza@example.net
277,April Shaw,68,"856 Frank Lights
Carterville, ND 79232",962-544-4592,fbruce@example.org
278,Michael Baker,62,"20761 Smith Flats Apt. 206
Hernandezside, TX 48266",161-425-2522,jamescharles@example.com
279,Michael David DDS,55,"78471 Brewer Rest Apt. 403
Lake Mariobury, TX 71412",001-733-126-3275x21130,lpeterson@example.com
280,Austin Moore,18,"772 Nicholson Trail
West Brandiview, AR 85572",+1-518-612-6217x3394,annaraymond@example.org
281,Michael Roth,25,"939 Oscar Causeway Apt. 423
Kathyburgh, MT 48022",6161733076,benderhector@example.net
282,Kelly Jenkins,48,"05734 Charles Wells Apt. 730
Ayersport, RI 32807",218.674.1669,jonathanclark@example.org
283,Diana Lewis,35,"0294 Lauren Loaf
Fordberg, MA 15949",0646627062,heathercooper@example.org
284,Lauren Hunter,25,"4420 John Rapid
Port Jeffreystad, FL 92202",(819)527-3694,davidgreen@example.net
285,Johnny Jimenez,30,"00534 Andrew Views
New Sherry, AZ 63711",266.485.4692,sarahperez@example.net
286,Erin Graham,25,"15770 Tommy Route
Emilyton, CT 70328",196-445-9605x9697,jenniferjones@example.net
287,Timothy Miranda,36,"91786 Deanna Track
New Taylortown, MT 56854",323.922.1311,jeansmith@example.com
288,Mr. Alejandro Garcia,69,"17673 Rush Common Suite 019
Port Brittany, ND 19594",(548)757-3337,mmiller@example.com
289,Sarah Garcia,21,"8687 Kelly Mews
Hernandezport, PR 52847",348-272-6574,ian05@example.com
290,Kelly Gomez,44,"18747 Young Row
Port Heather, AR 75363",967.318.7515x3778,martinezalicia@example.org
291,Alexander Rojas,64,"903 Williams Track
Evansview, ID 80197",459-954-3274,xsmith@example.net
292,Andrea Hughes,51,"290 Adrienne Fork
Johnsonchester, MP 15516",(420)788-1047x406,jessica86@example.net
293,Marvin Kim,51,"872 Lee Mission
North Joshuaview, LA 83360",139.507.7327,blakedougherty@example.com
294,Mrs. Madeline Cochran,39,"USNS Rivas
FPO AE 67955",001-526-890-9320x7853,linrebecca@example.com
295,Brandy Martinez,31,"955 Cody Plains Suite 395
Rogersburgh, LA 71001",5606405824,vwheeler@example.org
296,Alex Chang,54,"434 Lisa Manor
New Brittneybury, ME 56662",(906)605-2370,deniseporter@example.org
297,Jennifer Morales,24,"662 Rogers Plaza Apt. 948
South Evelyn, OH 17414",001-890-922-8377x707,robertpruitt@example.org
298,Veronica Park,19,"Unit 3569 Box 9077
DPO AE 38970",013.210.5197,juan96@example.net
299,Robert Lee,39,"782 Bradley Parkways
Bishopside, FL 48596",035.798.4733,cynthiaholloway@example.com
300,Stephanie Shepard,65,"0163 Cox Ways Suite 275
Port Samanthaton, SD 42098",216-525-4201x562,mia34@example.com
301,Scott Johnson,48,"34999 Charles Alley
Davidmouth, NE 59592",2785635002,carl54@example.net
302,Courtney Robinson,70,"29258 Cochran Corner
North Laura, ID 43085",+1-819-228-7153,edwinhill@example.com
303,Joseph Pitts,18,"0826 Shawn Forge Suite 357
South Andrew, LA 29480",001-711-643-7324x907,riley34@example.org
304,David Vasquez,27,"17313 Hart Place Suite 074
Shepherdfurt, WV 04102",946-764-0219x56059,melissa51@example.com
305,Jessica Pierce,35,"241 Kelly Common
Hillborough, MP 23635",966.580.3997x193,kristincherry@example.org
306,Jessica Saunders,56,"0202 Meghan Court Apt. 420
New Kimberly, GU 12688",+1-012-656-3058x5828,oguzman@example.net
307,Steven Burns,21,"2686 Heather Fall Suite 979
New Laura, SC 61607",(604)946-6844,aray@example.com
308,Douglas Bright,34,"209 Shah Tunnel Suite 441
Perryberg, MO 66228",+1-657-302-1933,graysarah@example.com
309,Steve Obrien,58,"20775 Sean Camp
Nicholasborough, NV 15906",130-763-6207x454,pscott@example.net
310,Corey Taylor,77,"9236 Kennedy Roads
East Kimberlyville, LA 40567",(228)355-0287x82473,jsmith@example.net
311,Teresa Hernandez,56,"519 Gutierrez Mountains Suite 252
New Kimberly, ID 06223",035-647-1752x92357,sherryjohnson@example.net
312,Renee Hopkins,79,"14735 Wilson Walk Suite 006
North Brittany, LA 13427",1488311740,vward@example.org
313,Stephanie Gilbert,58,"0519 Nicholas Drive
West Rodney, OR 72224",001-899-801-8077x85728,aaron69@example.net
314,Karen Oliver,25,"438 Stewart Point
North Judithfort, OR 11619",+1-756-349-7454,sharpkayla@example.org
315,Jason Roberts,28,"90771 Black Curve Suite 720
Thomasmouth, DC 53865",+1-038-078-2465x958,eclark@example.org
316,Anthony Gill,25,"665 David Lake Apt. 576
Grimeston, OR 15416",+1-214-002-7594x905,david32@example.net
317,Christopher Davis,35,"599 Scott Terrace Suite 794
Lake Phillipport, IN 65830",(632)391-2220,tina44@example.net
318,Olivia Warren MD,55,"965 Phillips Locks
South Lori, IN 94942",8192920549,anna61@example.com
319,Douglas Horton,29,"70546 Foster Lodge Apt. 094
Michelleland, FL 77271",240-828-8740x508,laurieguerra@example.org
320,Sara Warner,22,"458 Jennifer Mission
Robertberg, MP 17894",4852265777,cookchristine@example.org
321,Samantha Anderson,76,"14998 Lauren Oval Apt. 063
Garyside, MA 55364",+1-874-187-8570x7828,jonathanwells@example.net
322,Jacqueline Lang,39,"1760 Mason Crescent
Nicholasburgh, MT 11983",(309)312-8662x1141,simonwayne@example.org
323,Paul Morse,29,"354 Flowers Route
Port Faith, DC 60385",536.847.4722x493,lambertandrew@example.net
324,Allison Larson,59,"55692 Richmond Glen
New Erinshire, PW 35272",031-372-2145x138,kenneth61@example.net
325,Pamela Abbott,42,"923 Lee Corners Suite 629
New Angelicaview, NY 81419",119-262-8950x165,xcohen@example.org
326,Emily Wood,41,"7319 Kathryn Ports
South Jack, VI 66820",610-480-2095,corey47@example.org
327,Richard Gonzalez,46,"88176 Kent Stravenue Apt. 271
Josephchester, OR 12089",+1-108-079-9872x47369,manningdaryl@example.net
328,Kelly Maynard,48,"67241 Brandon Forks
Peterburgh, TX 61748",217.853.4188x00956,campbellkirsten@example.com
329,Steven Crawford,37,"456 Sanchez Club Suite 322
Lake Emilyhaven, IA 72613",001-143-596-7413x3162,elizabeth75@example.org
330,Larry Joyce,69,"38173 Lewis Expressway
Lake Anntown, NE 03210",001-412-550-6677,jennifer74@example.net
331,Thomas Roberts,46,"00484 Janet Port
Richardberg, FL 88487",5346221311,savagestacy@example.org
332,Patrick Gordon,25,"6534 Miller Stream
North Crystaltown, TX 80615",768.078.8898x32126,rclark@example.net
333,Jesus Martin,70,"379 Cory Burgs
Carrollbury, PR 18263",(779)119-7185x1667,josephpowell@example.net
334,Sheila Thomas,74,"2866 Charles Mill Suite 525
New Leah, FL 01771",338.844.3375,stephensnicholas@example.org
335,Amy Peterson MD,57,"5391 Snyder Wall
Lake Brian, TX 72238",+1-838-399-0604x65556,fmorales@example.org
336,Laurie Johnson,68,"1836 Tina Loop Suite 379
Mitchellmouth, FM 99128",(964)703-3842x58316,william10@example.org
337,Gregory Nash PhD,68,"371 Nelson Spurs Apt. 121
Port Ryanchester, CA 00968",(385)544-7093x402,hawkinstimothy@example.net
338,Thomas House,59,"19165 Jackson Cove Apt. 792
Lake Jennifer, AK 46411",+1-066-228-8193x2090,matthew29@example.net
339,Cynthia Collins,22,"95783 Bennett Drive
East Austinmouth, RI 15220",+1-993-808-2213,wrightthomas@example.net
340,Joel Miller,80,"22075 Jamie Extension Apt. 199
Ronaldmouth, RI 22918",+1-214-242-6528,ethanmullins@example.org
341,Sandra Gray,69,"3065 Daniels Terrace
Willisfort, OR 10171",908.284.9631x713,kimberly48@example.com
342,Stephen Stone,37,"6911 Joseph Expressway Suite 098
East Brian, NC 01470",451-582-6980x01602,rebecca80@example.net
343,Wendy Herrera,56,"9844 Davis Loop
New Jenniferberg, CA 01129",5819728041,gharris@example.net
344,Juan Davis,21,"935 Alyssa Harbor
Andrewsview, RI 81323",(652)537-9155,clarkdenise@example.net
345,Steven Rice,70,"1124 Michele Loaf Suite 037
West Aprilburgh, NM 84113",889.739.8894x5932,bjones@example.com
346,Bradley York,24,"343 James Garden Suite 066
East Maryport, OH 96077",(355)104-1766,marcuslee@example.com
347,Jennifer Weeks,40,"3767 Lewis Street
Crystalbury, CA 79877",001-367-835-9757x612,douglas18@example.com
348,Alexander Smith,34,"788 Ricky Mountain Suite 532
Gibsonville, MA 55431",753.967.1326x031,spencer00@example.com
349,Adam Nguyen,34,"5633 Salazar Heights
Vanghaven, OK 29083",929.465.8914x8687,jonathanramirez@example.net
350,Kristen Wilson,60,"698 Daugherty Plain
East Sarahtown, VI 04095",323-019-0613x125,donaldbennett@example.org
351,Christine Hall,42,"157 Denise Lakes Suite 101
Julieberg, MT 56978",2645435198,margaret54@example.com
352,Thomas Gordon,37,"342 Wolf Forges Suite 623
Ortizborough, DE 44446",577-161-1464,johnturner@example.net
353,Lori Chandler,18,"PSC 2927, Box 7086
APO AA 82597",850-563-3678x70111,kimrichard@example.net
354,Matthew Payne,79,"029 Perez Haven Apt. 638
Grantton, DC 80217",(323)370-8079x970,kevintrujillo@example.org
355,Tracy Wallace,78,"0411 Aaron Locks Apt. 263
Manuelfurt, DC 54276",(177)642-3979x95818,robert55@example.org
356,Jennifer Aguirre,63,"71162 Kimberly Falls Suite 191
Austinhaven, HI 57003",001-334-445-4683x160,jake28@example.net
357,Diana Rogers,69,"USS Wagner
FPO AE 34079",001-861-407-2321x9357,gprice@example.com
358,Nancy Green,36,"5181 Susan Harbors
North Jessica, TN 53255",001-331-860-5990,rmack@example.com
359,Leslie Thompson,66,"410 Smith Knolls
South Alexander, WV 32317",001-041-569-5167x0755,wintersjennifer@example.net
360,Amanda Mcdonald,36,"2957 Hodges Village Apt. 100
Stricklandchester, CA 22870",726.871.4585x51674,xmiddleton@example.net
361,Thomas Gordon,38,"9061 Archer Vista Suite 207
Dayview, CT 56634",418.462.0465x8174,cwheeler@example.net
362,Tiffany English,77,"188 Vanessa Port
West Clairefort, WI 11028",078-504-0856x599,richardortiz@example.net
363,Bryan Allen,46,"Unit 9760 Box 3905
DPO AA 14726",0672316461,ssmith@example.org
364,Sandra Martin,62,"9603 Horn Rapid Apt. 216
Lake Joseph, DC 64743",+1-044-665-6969x1346,zflores@example.net
365,Jeanne Espinoza,65,"56542 Susan Mission
New Gregory, HI 64779",610.976.2695x8525,bishoprachel@example.org
366,Amanda Fitzgerald,33,"4775 Christopher Villages
North John, FM 51772",+1-021-024-7875x2499,hendersonamanda@example.org
367,Heather Alvarez,75,"75854 Cindy Mission
East Jesseberg, OH 45229",855.962.3794x63759,cbeltran@example.net
368,Antonio Williams,29,"1945 Banks Knolls
Simpsonfurt, IA 55231",858.934.9034,johnsonbrenda@example.com
369,Jimmy Jones,22,"0769 Bird Terrace
West Jenniferbury, AL 30283",018-255-0816,psmith@example.org
370,Larry Collins,61,"744 April Lakes Suite 264
North Connor, DC 56293",+1-601-532-9336x74878,grahamrandy@example.com
371,Michelle Fox,45,"07169 David Mountains Suite 490
New Kyle, SC 37543",(065)327-4838x99651,clairewilliams@example.net
372,Tiffany Cunningham,56,"231 Fisher Stravenue
Joshuabury, AL 27676",+1-247-936-0457x2594,dukederek@example.com
373,Deborah Clark,48,"24799 Reed Gateway Apt. 481
Paulside, NH 14491",625-020-3367x2530,qhanson@example.org
374,Vincent Sandoval,30,"3817 Aaron Unions Suite 911
Sheltonbury, NH 35712",(667)571-5302x5912,melissajones@example.com
375,Kenneth Gordon,45,"573 Lambert Summit Apt. 905
East Robert, DC 49653",001-826-045-6808,trevinojoan@example.net
376,Thomas Myers,36,"65857 Anne Rue Suite 680
Dominiqueborough, RI 43115",317-178-1083,jeremyjohnson@example.net
377,Crystal Booth,38,"300 Robin Landing Apt. 669
Paynefurt, UT 27384",294-523-0351x201,teresaburns@example.com
378,Michael Neal,29,"62121 Odonnell Plain
Angelafort, ME 79368",001-676-932-4790x2853,stacy58@example.net
379,Tyler Lopez,42,"USCGC Lee
FPO AA 69799",4750655501,williammosley@example.org
380,Mary Martin,57,"265 Lisa Port Apt. 065
North Frankchester, MN 69054",554-779-5734,snorton@example.com
381,Jason Simmons,23,"085 Villarreal Isle
New Samantha, IA 97207",+1-409-597-6401x26807,mary97@example.com
382,Robert Edwards,46,"11116 Nicole Greens Apt. 657
Wolfeborough, HI 64521",001-108-314-1546x54808,erikarivera@example.org
383,Jesse Holmes,69,"USS Mcconnell
FPO AE 45808",+1-466-801-2073,dana48@example.org
384,Elizabeth Short,28,"6802 Janet Canyon
South Johnport, VA 55470",001-689-686-2070x43397,andrew46@example.org
385,Linda Richardson,70,"95139 Harris Square
West Stephenchester, NM 14566",(998)437-0870x40226,juliancarey@example.org
386,Linda Grant,67,"38150 Huffman Junctions Suite 215
North Wesleyview, FM 28806",225-785-7367,kelly05@example.net
387,Teresa Rogers,63,"80418 Kathleen Fort Apt. 020
Mullinsberg, MP 71487",+1-405-852-9968x962,wardbrandon@example.net
388,Mario Hicks,62,"7119 Susan Lane Apt. 092
Hooverside, MA 85860",410.442.8284,lori68@example.net
389,Charles Osborne,58,"63370 Amy Stravenue Suite 904
South Debbie, MI 30007",+1-427-722-9190x20605,lisa54@example.org
390,Victoria Sims,51,"97275 Jason Circle Suite 394
Lake Jamesfurt, PW 11169",374.528.4328,johnsonshirley@example.org
391,Nicole Williams,65,"3933 Hickman Curve
Nancychester, FL 68735",+1-614-821-7494x6099,mckenzieamanda@example.org
392,Elizabeth Hernandez,72,"0384 Matthew Lights Apt. 320
West Andreaburgh, SD 55431",987.734.0884,ariana11@example.org
393,John Nelson,48,"224 Christina Expressway Suite 597
West Cassandraton, VA 20119",(869)740-0703x74365,amberreed@example.com
394,Laurie Pittman,38,"574 Katherine Spring
Steinmouth, RI 38154",001-481-149-5813x4451,greenisaiah@example.net
395,Preston Foster,69,"72203 Rivera Pass
South Colleen, DE 10807",(927)601-1857x86601,lauren55@example.org
396,Brad Wilson,24,"68096 Martin Knolls Suite 006
North Anthony, NV 46378",001-736-276-6061x7846,collinsbrandon@example.net
397,William Jefferson,20,"6538 Brianna Key Apt. 096
Collinsstad, IA 73762",794-813-8560x282,ashley66@example.com
398,Sydney Vargas,70,"8720 Vanessa Radial
Glenshire, NE 44763",001-187-162-5908,thompsonkatie@example.org
399,Sara Thomas,80,"822 Heather Shores
Aliciaton, NV 05531",001-531-991-1980,anthony87@example.org
400,Darlene Nelson,18,"17234 Frazier Fort
Christineville, OR 38090",(808)379-0213x2510,ktucker@example.com
401,Sandra Mooney,30,"93086 Barnett Springs
Vincentshire, AS 04486",(483)991-4937,perezaaron@example.com
402,Tony Morgan,41,"6131 Sanchez Villages
North Logan, SD 90451",001-270-927-2988,smartinez@example.org
403,Brian Stout,37,"043 Williams Curve
Joshuamouth, PA 64103",696.767.2442x335,pamela47@example.net
404,Heather King,67,"16380 Taylor Stravenue Suite 436
Adamsfort, CA 94759",(091)236-2483,catherinechurch@example.net
405,Alison Martin,35,"036 Wallace Lodge
West Robert, MT 84513",+1-422-397-4541,debbie94@example.com
406,Carol Mcdowell,43,"5841 Andrews Drive
West Debra, MP 28749",(099)127-5630,lfloyd@example.net
407,Kathryn Fox,45,"713 Denise Crescent
Phyllisport, TN 04497",822-853-6607x859,nicholas84@example.org
408,Michelle Jones,25,"91881 Saunders Mill
South Rebeccaview, UT 69417",001-455-872-1353x39128,amy31@example.com
409,Ashley Cobb,62,"1295 Stacy Stream Apt. 759
Meganside, IA 29679",(754)337-9975,maxwelljonathan@example.net
410,Joshua Tran,76,"44482 Bonnie Drive Suite 492
Mannchester, LA 63395",(739)366-2012x99404,chadharris@example.org
411,Jack Henry,24,"41955 Scott Parks
East Aaronbury, MT 80887",+1-254-931-4028,tuckergary@example.org
412,Julie Williams,35,"67951 Angela Fall Apt. 803
Port Rose, LA 34553",+1-984-597-4883x22049,jeffrey24@example.com
413,Keith Smith,61,"2891 Ashley Loop
Kelseyhaven, IA 18072",+1-898-843-1714,fleminganne@example.org
414,Becky Macdonald,19,"544 Tiffany Greens
Roseberg, ME 28618",123-237-6177x4274,ruben89@example.org
415,Jennifer Hardy,35,"99197 Anna Ville Apt. 820
Dustinland, DE 16730",001-099-293-6722x9276,woodsrachel@example.com
416,Tracie Clements,39,"949 Webb Lake Apt. 335
Brownchester, PW 07038",(930)816-8939x8725,patelmaria@example.net
417,Joseph Moreno,53,"8060 Sawyer Forest
Owensfurt, ME 78661",764.603.2380x48653,millerlindsey@example.org
418,John Park,78,"059 Matthew Stream
Austinhaven, MS 07572",4345821324,scottmcdonald@example.org
419,Juan Johnson,64,"7833 Chen Shore Apt. 591
Huberhaven, PA 59254",+1-753-155-8773,adamnunez@example.org
420,Mr. Lonnie Aguilar MD,45,"35134 Stacy Light Suite 257
Stephanieside, NC 54238",934.256.1438x65671,davidshane@example.com
421,Jamie Summers,70,"85680 Michelle Drive Apt. 480
East Brittanyshire, GU 85867",+1-026-990-3319x0935,wthompson@example.org
422,Michael Andrews,71,"5753 Jackson Rue Apt. 135
North Stacey, TX 31679",492.528.6584x248,jacksonjesse@example.com
423,Michael Mcfarland,76,"0880 Smith Crest Suite 655
West Jason, AR 89449",+1-402-838-7499x4898,thomas60@example.com
424,Eugene Newton,43,"21384 Misty Terrace
Port Juliafort, CO 11433",001-990-351-7401x37987,acevedocharles@example.com
425,Tanya Hawkins,60,"451 Schultz Camp
New Kevin, FL 88810",430.816.0281x2278,paulsanchez@example.net
426,Megan Savage,29,"785 Neal Ridges
Hansenmouth, VT 98294",(911)614-4150x429,jennifer70@example.net
427,Nicole Williams,80,"48573 Julie Burg Suite 675
Diaztown, WI 12234",001-302-267-3598,veronica94@example.org
428,Joshua Hess,18,"0905 Kane Trace Suite 657
New Tina, FM 01090",510.769.2691x6009,george83@example.org
429,Roy Olsen,61,"975 Baker Way
South Maurice, WY 93464",001-352-006-7678x6266,flopez@example.com
430,Amanda Bell,57,"72053 Paige Oval
Millershire, NE 56022",3113134511,brianevans@example.com
431,Emma Davis,59,"29036 Butler Views Apt. 932
New Brenda, IL 73537",907-854-8215x7043,kimberly26@example.com
432,Hannah Carter,36,"6556 Smith Course
Janetburgh, CT 82544",255-968-1634x765,erin79@example.net
433,Elizabeth Adkins,48,"136 Bradford Mountain Suite 690
Solishaven, HI 50600",+1-685-432-0376,michelle24@example.com
434,Donna Wilson,31,"039 Delgado Islands
South Brandonport, CT 30724",809-724-0516x7044,deanbrian@example.com
435,Tamara Aguilar,68,"PSC 4613, Box 4200
APO AE 43095",(684)602-0204x654,ingramchristopher@example.com
436,Michael Cole,42,"482 Sanchez Fords Suite 330
East Charlesview, CA 85015",3252048275,sdougherty@example.org
437,Jeffery Cox,27,"05555 Stacy Alley
West James, WA 16261",365.705.8863,bradleyrobinson@example.net
438,Rebecca Davis,61,"14468 Rios Points Suite 227
New Julieborough, TX 84039",+1-222-344-5835x4173,lynn88@example.net
439,Dr. Nicholas Costa DDS,37,"264 Chad Gateway Suite 464
West Todd, GU 64820",855.623.5303x45602,gailbrooks@example.net
440,Sarah Stevens,26,"82165 Bryan Station
Josephside, AK 08523",+1-480-417-4355x1107,rthompson@example.net
441,Tiffany Hodge,34,"40734 Booth Branch
South Emily, PW 00686",+1-484-582-5856,benjaminbates@example.com
442,Todd Valenzuela,61,"PSC 7015, Box 1157
APO AA 03009",+1-208-971-8165x803,mcguiremonica@example.net
443,Johnny Ford,67,"6263 Deanna Neck
Rodriguezland, OR 61064",926-138-3329x61676,patriciamcclure@example.org
444,Melissa Velasquez,27,"07548 Bell Plaza
East Miguelville, MN 97262",805.355.0508,mary46@example.com
445,Kimberly Collins,41,"834 Paul Green Apt. 985
West Ginaborough, WY 39206",+1-698-513-3115x8084,dlewis@example.net
446,Darryl Carey,47,"053 Robertson Pines Suite 745
South Michael, KY 24189",2701907231,christophernelson@example.com
447,Joanne Santana,43,"7880 Shannon Brooks
East Jamesland, SC 44319",(585)816-9291,harrisdavid@example.net
448,Samantha White,44,"74870 Kyle Extension
North Brittanystad, KS 35952",+1-427-252-1273,johnny62@example.net
449,Ethan Gutierrez,51,"22830 Daniel Glens
Lake Ashley, UT 09360",001-308-003-2729x5061,tyler22@example.org
450,Edwin Smith,35,"57986 Hannah Village Suite 825
Port Davidport, PA 91363",001-038-757-9828x443,raymondmcbride@example.org
451,Adam Miller,55,"428 Garza Turnpike
West Josephfurt, MD 69887",(994)407-3064x469,pittmanmonica@example.net
452,Dylan Ward,27,"443 Dawn Ports Apt. 988
East Kennethview, CO 82788",001-298-188-7876x87330,apearson@example.net
453,Todd Diaz,56,"3042 Parker Hills
Robertview, OK 76288",001-215-761-5680,samanthaharris@example.net
454,Robin Carter,78,"4002 Knox Way
West Robertview, SC 14819",+1-700-024-8642x5857,qliu@example.net
455,Cody Davis,20,"66792 Shelly Springs Suite 051
East Carlosburgh, VI 80624",(036)983-4484x9509,troymiranda@example.org
456,Matthew Hayes,27,"589 Lisa Vista Suite 892
Susanshire, OR 78473",(055)745-5978x7005,davisamanda@example.org
457,Alexander Hamilton,37,"PSC 5911, Box 7671
APO AE 69705",(915)945-1076x9429,kristinreyes@example.org
458,Matthew Moran,59,"8355 Bowman Center
Port Lindseychester, MI 33540",(858)779-1726x049,kristy81@example.com
459,Alexis Smith,50,"10112 Krause Crossroad Apt. 340
Woodmouth, MP 32430",(433)344-3566,kennethterry@example.com
460,Dennis Wilson,19,"PSC 8532, Box 6896
APO AP 45041",(328)941-3661x8223,wendy90@example.com
461,Roberto Poole,72,"877 Rachael Flats Apt. 811
Scottmouth, PA 55656",001-401-111-2485x81677,jeremytucker@example.com
462,Sheila Martinez,59,"940 David Corners
Duncanmouth, MS 04971",(521)553-4185,nrobinson@example.org
463,Tiffany Butler,37,"847 Richards Shore Apt. 866
East Yvonne, MT 55089",3040954365,josephwalker@example.com
464,Matthew Smith,25,"14405 Beard Streets
North Carl, KY 88035",948.995.9528,mcneildanielle@example.net
465,Joan Alexander,21,"848 Carol Key
East Ericaview, SD 38271",063-813-3200,christophervance@example.com
466,Christina Bean,31,"Unit 0467 Box 5360
DPO AP 52377",(458)337-0701x490,emoran@example.com
467,Julie Colon,24,"7685 Jackson Stream Apt. 683
East Carmenville, MO 90052",5451483889,jamescook@example.com
468,Clifford Williams,34,"36382 Tracy Cape Apt. 166
Robinside, MA 34316",001-335-613-7972x15582,nathanmoss@example.org
469,Marie Mcmillan,47,"81987 Estrada Mission
Paynestad, SD 18171",001-535-204-0797x7820,norma69@example.net
470,Karen Martin,77,"3605 Wells Valley
Gomezview, NC 78908",693.117.6195,lewismatthew@example.net
471,Danielle Carter,22,"81434 Andrea Court Apt. 330
West Chrismouth, AK 60419",377-638-3537,carmen98@example.org
472,Robert Williams,49,"65151 Downs Coves
Alfredland, MA 93397",760.377.5708,lauralopez@example.org
473,Joseph Knox,73,"34971 David Fall Suite 251
Diaztown, MN 33992",311-247-6044,wyatt17@example.org
474,Stacey Rose,40,"165 Collins Pines
New Frances, UT 76421",680.793.9497x494,danielledawson@example.com
475,Teresa Ball,72,"87351 Brown Tunnel
Jessicabury, KY 17356",027.170.3001,kellyfrazier@example.com
476,Hannah Rodriguez,44,"94745 David Lodge
Aguilarview, OH 37014",118.635.3731x49215,thudson@example.com
477,John Daniels,21,"7579 Erik Oval Apt. 964
Port Ashleyborough, MD 50135",4580634348,ashelton@example.org
478,Kevin Rodriguez,74,"8848 Robert Knolls Apt. 442
South Jacobborough, MH 99170",3416309112,randallrandy@example.org
479,Lisa Johnson,27,"0474 Denise Avenue Apt. 399
North Valerieport, NV 55265",(723)711-3263,ugonzalez@example.net
480,John Nicholson,45,"2093 John Dale Apt. 011
Coxmouth, NJ 11075",001-866-520-2110x021,sanchezjennifer@example.org
481,Isabel Guzman,18,"USCGC Ruiz
FPO AP 98042",373-199-8302x0643,gibbsdanny@example.net
482,Lauren Guerra,69,"245 Heather Heights Apt. 790
Port Alisonville, NE 92753",(192)692-6651x59215,ricardoperez@example.org
483,Kristie Whitehead,79,"35516 Farmer Place Suite 301
Jeanetteberg, MS 06588",347-207-4194,jessica52@example.com
484,Joanna Mann,58,"16844 Dylan Field
Port Patrickview, RI 07394",504.260.1316x4762,chad37@example.com
485,Douglas Gilbert,25,"439 Abigail Alley
Port Jessicaburgh, MN 63973",(188)842-7333x1211,smithsara@example.org
486,Lisa Morrison,44,"8332 Huang Bypass Apt. 077
Candacehaven, OR 79868",5544946384,kenneth22@example.com
487,Danielle Gonzalez,27,"9764 Rodney Lake Apt. 874
Port Troy, AS 59609",608-354-9320x038,elizabethkramer@example.org
488,Casey Clayton,28,"4301 Andrea Tunnel Suite 043
Aaronfurt, WI 07280",963-807-3316x9059,abrown@example.org
489,Eric White,59,"865 Brandon Roads Suite 127
Sharpfort, OH 22167",925.987.6369x484,lloydbrian@example.net
490,Connie Fisher,71,"USNS Castro
FPO AA 31492",(400)989-0150,bramirez@example.com
491,Kathryn Watson,20,"743 Nicole Parkways
Lake Diane, MS 30036",589.899.8969x47249,jthompson@example.com
492,Robert Wise,79,"154 Alyssa Road
East Johnburgh, PA 36826",241-651-7251x35741,reevesrobert@example.com
493,Chelsea Reese,53,"7481 Foster Crossroad Suite 848
East Jeffrey, SC 86353",001-556-761-1245x279,daniel94@example.org
494,Kenneth Barrett,71,"4518 Eric Curve
Thomasborough, MA 44541",+1-394-529-0545x783,uherrera@example.org
495,Kathy Reid,39,"97013 Mallory Station
Palmertown, GA 20284",387.968.0546,bhancock@example.com
496,Adam Lucas,61,"62920 April Stravenue
New Patriciatown, GU 68356",4213719521,sanchezjillian@example.org
497,Bryan Lawson,53,"Unit 1319 Box 5651
DPO AP 97730",705-700-2893x484,nathan76@example.com
498,Brandi Ray,42,"3672 Lopez Tunnel
Sandrafort, NJ 14130",(732)505-8348x44822,kathleen42@example.com
499,Kimberly Olsen,70,"288 Berry Brook Suite 508
New Pennyhaven, LA 42442",+1-062-356-4417x2535,amber90@example.org
500,Mary Friedman,75,"097 Jacob Street Apt. 199
North Rachelmouth, PR 60450",899.643.7803,hdavis@example.com
